{"cameraMode":{"drawMode":0,"name":"Shaded","section":"Shading Mode"},"sceneLighting":false,"audioPlay":false,"sceneViewState":{"showFog":true,"showMaterialUpdate":false,"showSkybox":false,"showFlares":true,"showImageEffects":true,"showParticleSystems":true},"in2DMode":false,"pivot":{"x":0.658902645111084,"y":0.12826204299926759,"z":0.49016475677490237},"rotation":{"x":-0.17467698454856873,"y":0.544006884098053,"z":-0.11698071658611298,"w":-0.8123195171356201},"size":5.243600845336914,"orthographic":false}